acc,loss
0.7828763940520446,0.790987906845972
0.887620822166111,0.39483123143116033
0.9109118434704543,0.32371691592264135
0.9465471060836608,0.19230335648559338
0.9505065797482267,0.20433494216693396
